type,name,module,path,hash
"csv","agent-manifest","_config","_config/agent-manifest.csv","84fb2fcab226b03a3a92c90c3b4a4b2cb1807556ba6d84cd7ce4d8af0c1e55d4"
"csv","task-manifest","_config","_config/task-manifest.csv","baff8c3b2f2c96725976b7fc982ae8351e66f31e084162fed05db2312c02fe8c"
"csv","workflow-manifest","_config","_config/workflow-manifest.csv","31c657761dba5236f0096a01270f89e3c3543b55e4922acacc0216520cd61d69"
"yaml","manifest","_config","_config/manifest.yaml","915cb3daaef2c721625733f32c0ac504ff7ec84c75b3a5f70d8cfd58ba743f22"
"csv","default-party","bmm","bmm/teams/default-party.csv","43209253a2e784e6b054a4ac427c9532a50d9310f6a85052d93ce975b9162156"
"csv","documentation-requirements","bmm","bmm/workflows/document-project/documentation-requirements.csv","d1253b99e88250f2130516b56027ed706e643bfec3d99316727a4c6ec65c6c1d"
"csv","domain-complexity","bmm","bmm/workflows/2-plan-workflows/prd/domain-complexity.csv","ed4d30e9fd87db2d628fb66cac7a302823ef6ebb3a8da53b9265326f10a54e11"
"csv","domain-complexity","bmm","bmm/workflows/3-solutioning/create-architecture/data/domain-complexity.csv","cb9244ed2084143146f9f473244ad9cf63d33891742b9f6fbcb6e354fa4f3a93"
"csv","project-types","bmm","bmm/workflows/2-plan-workflows/prd/project-types.csv","7a01d336e940fb7a59ff450064fd1194cdedda316370d939264a0a0adcc0aca3"
"csv","project-types","bmm","bmm/workflows/3-solutioning/create-architecture/data/project-types.csv","12343635a2f11343edb1d46906981d6f5e12b9cad2f612e13b09460b5e5106e7"
"csv","tea-index","bmm","bmm/testarch/tea-index.csv","374a8d53b5e127a9440751a02c5112c66f81bc00e2128d11d11f16d8f45292ea"
"excalidraw","workflow-method-greenfield","bmm","bmm/docs/images/workflow-method-greenfield.excalidraw","78c281ab7aae65ba453806e49e16e01852ef9c6097347171e9f11188afe45d88"
"json","excalidraw-library","bmm","bmm/workflows/excalidraw-diagrams/_shared/excalidraw-library.json","8e5079f4e79ff17f4781358423f2126a1f14ab48bbdee18fd28943865722030c"
"json","project-scan-report-schema","bmm","bmm/workflows/document-project/templates/project-scan-report-schema.json","53255f15a10cab801a1d75b4318cdb0095eed08c51b3323b7e6c236ae6b399b7"
"md","agents-guide","bmm","bmm/docs/agents-guide.md","3de759ec74eb119a58b128e1dd0c3ec5d85dfbb26d29e14c711e873b5e80826c"
"md","api-request","bmm","bmm/testarch/knowledge/api-request.md","93ac674f645cb389aafe08ce31e53280ebc0385c59e585a199b772bb0e0651fb"
"md","architecture-decision-template","bmm","bmm/workflows/3-solutioning/create-architecture/architecture-decision-template.md","677abaa21e5ea5aa11ea84d596f3ff81506652b5929b6403d404d9c7623c3752"
"md","atdd-checklist-template","bmm","bmm/workflows/testarch/atdd/atdd-checklist-template.md","4a663156ada567c617993fa334e51e4eb670d47098d9b04e2007c4d286c818dc"
"md","auth-session","bmm","bmm/testarch/knowledge/auth-session.md","b2ee00c5650655311ff54d20dcd6013afb5b280a66faa8336f9fb810436f1aab"
"md","bmad-quick-flow","bmm","bmm/docs/bmad-quick-flow.md","e437c81feedf8a981595a6f53119d5ffff37b3815d0b58901340b1908d470136"
"md","brownfield-guide","bmm","bmm/docs/brownfield-guide.md","bb7a143d6797e83cfa795bfa02df89c89646a78a9663177e65d9b358d0d900af"
"md","burn-in","bmm","bmm/testarch/knowledge/burn-in.md","5ba3d2abe6b961e5bc3948ab165e801195bff3ee6e66569c00c219b484aa4b5d"
"md","checklist","bmm","bmm/workflows/4-implementation/code-review/checklist.md","e30d2890ba5c50777bbe04071f754e975a1d7ec168501f321a79169c4201dd28"
"md","checklist","bmm","bmm/workflows/4-implementation/correct-course/checklist.md","dbfdba2962d7b3e3038bfd7d78f55befb4d835584032207077402c11156d47e6"
"md","checklist","bmm","bmm/workflows/4-implementation/create-story/checklist.md","3eacc5cfd6726ab0ea0ba8fe56d9bdea466964e6cc35ed8bfadeb84307169bdc"
"md","checklist","bmm","bmm/workflows/4-implementation/dev-story/checklist.md","630b68c6824a8785003a65553c1f335222b17be93b1bd80524c23b38bde1d8af"
"md","checklist","bmm","bmm/workflows/4-implementation/sprint-planning/checklist.md","80b10aedcf88ab1641b8e5f99c9a400c8fd9014f13ca65befc5c83992e367dd7"
"md","checklist","bmm","bmm/workflows/bmad-quick-flow/quick-dev/checklist.md","7a26f68fa535caa6b461c4e84846241db4669da29b19a7ab510eeeff434bae12"
"md","checklist","bmm","bmm/workflows/document-project/checklist.md","2f1edb9e5e0b003f518b333ae842f344ff94d4dda7df07ba7f30c5b066013a68"
"md","checklist","bmm","bmm/workflows/excalidraw-diagrams/create-dataflow/checklist.md","f420aaf346833dfda5454ffec9f90a680e903453bcc4d3e277d089e6781fec55"
"md","checklist","bmm","bmm/workflows/excalidraw-diagrams/create-diagram/checklist.md","6357350a6e2237c1b819edd8fc847e376192bf802000cb1a4337c9584fc91a18"
"md","checklist","bmm","bmm/workflows/excalidraw-diagrams/create-flowchart/checklist.md","45aaf882b8e9a1042683406ae2cfc0b23d3d39bd1dac3ddb0778d5b7165f7047"
"md","checklist","bmm","bmm/workflows/excalidraw-diagrams/create-wireframe/checklist.md","588f9354bf366c173aa261cf5a8b3a87c878ea72fd2c0f8088c4b3289e984641"
"md","checklist","bmm","bmm/workflows/testarch/atdd/checklist.md","c4fa594d949dd8f1f818c11054b28643b458ab05ed90cf65f118deb1f4818e9f"
"md","checklist","bmm","bmm/workflows/testarch/automate/checklist.md","bf1ae220c15c9f263967d1606658b19adcd37d57aef2b0faa30d34f01e5b0d22"
"md","checklist","bmm","bmm/workflows/testarch/ci/checklist.md","13f19e4224f8106acb018ce87169329ab1bc9384f06328d6d2164b3b8b1629ce"
"md","checklist","bmm","bmm/workflows/testarch/framework/checklist.md","16cc3aee710abb60fb85d2e92f0010b280e66b38fac963c0955fb36e7417103a"
"md","checklist","bmm","bmm/workflows/testarch/nfr-assess/checklist.md","044416df40402db39eb660509eedadafc292c16edc247cf93812f2a325ee032c"
"md","checklist","bmm","bmm/workflows/testarch/test-design/checklist.md","1a7e5e975d5a2bd3afd81e743e5ee3a2aa72571fce250caac24a6643808394eb"
"md","checklist","bmm","bmm/workflows/testarch/test-review/checklist.md","0626c675114c23019e20e4ae2330a64baba43ad11774ff268c027b3c584a0891"
"md","checklist","bmm","bmm/workflows/testarch/trace/checklist.md","a4468ae2afa9cf676310ec1351bb34317d5390e4a02ded9684cc15a62f2fd4fd"
"md","ci-burn-in","bmm","bmm/testarch/knowledge/ci-burn-in.md","4cdcf7b576dae8b5cb591a6fad69674f65044a0dc72ea57d561623dac93ec475"
"md","component-tdd","bmm","bmm/testarch/knowledge/component-tdd.md","88bd1f9ca1d5bcd1552828845fe80b86ff3acdf071bac574eda744caf7120ef8"
"md","contract-testing","bmm","bmm/testarch/knowledge/contract-testing.md","d8f662c286b2ea4772213541c43aebef006ab6b46e8737ebdc4a414621895599"
"md","data-factories","bmm","bmm/testarch/knowledge/data-factories.md","d7428fe7675da02b6f5c4c03213fc5e542063f61ab033efb47c1c5669b835d88"
"md","deep-dive-instructions","bmm","bmm/workflows/document-project/workflows/deep-dive-instructions.md","8cb3d32d7685e5deff4731c2003d30b4321ef6c29247b3ddbe672c185e022604"
"md","deep-dive-template","bmm","bmm/workflows/document-project/templates/deep-dive-template.md","6198aa731d87d6a318b5b8d180fc29b9aa53ff0966e02391c17333818e94ffe9"
"md","documentation-standards","bmm","bmm/data/documentation-standards.md","fc26d4daff6b5a73eb7964eacba6a4f5cf8f9810a8c41b6949c4023a4176d853"
"md","email-auth","bmm","bmm/testarch/knowledge/email-auth.md","43f4cc3138a905a91f4a69f358be6664a790b192811b4dfc238188e826f6b41b"
"md","enterprise-agentic-development","bmm","bmm/docs/enterprise-agentic-development.md","964ccf15aabd84b43752cd26f30a582142c690cf842c6b5626c125eb47b7df7f"
"md","epics-template","bmm","bmm/workflows/3-solutioning/create-epics-and-stories/templates/epics-template.md","b8ec5562b2a77efd80c40eba0421bbaab931681552e5a0ff01cd93902c447ff7"
"md","error-handling","bmm","bmm/testarch/knowledge/error-handling.md","8a314eafb31e78020e2709d88aaf4445160cbefb3aba788b62d1701557eb81c1"
"md","faq","bmm","bmm/docs/faq.md","69e4a2ee8701e6c7b1618d2ad2f901095d52b2e705eddc1f4e750d2158e51cf7"
"md","feature-flags","bmm","bmm/testarch/knowledge/feature-flags.md","f6db7e8de2b63ce40a1ceb120a4055fbc2c29454ad8fca5db4e8c065d98f6f49"
"md","file-utils","bmm","bmm/testarch/knowledge/file-utils.md","e0d4e98ca6ec32035ae07a14880c65ab99298e9240404d27a05788c974659e8b"
"md","fixture-architecture","bmm","bmm/testarch/knowledge/fixture-architecture.md","a3b6c1bcaf5e925068f3806a3d2179ac11dde7149e404bc4bb5602afb7392501"
"md","fixtures-composition","bmm","bmm/testarch/knowledge/fixtures-composition.md","8e57a897663a272fd603026aeec76941543c1e09d129e377846726fd405f3a5a"
"md","full-scan-instructions","bmm","bmm/workflows/document-project/workflows/full-scan-instructions.md","6c6e0d77b33f41757eed8ebf436d4def69cd6ce412395b047bf5909f66d876aa"
"md","glossary","bmm","bmm/docs/glossary.md","b58d0ca4dfea78372fcd4e904f8a3dc0f222900dfb1b4e51aa36c997264cf6f0"
"md","index-template","bmm","bmm/workflows/document-project/templates/index-template.md","42c8a14f53088e4fda82f26a3fe41dc8a89d4bcb7a9659dd696136378b64ee90"
"md","instructions","bmm","bmm/workflows/4-implementation/correct-course/instructions.md","de6ab29422325f34ed4709b9d7896cc4a2f4be40880ac48e04d1c499e58cb5a8"
"md","instructions","bmm","bmm/workflows/4-implementation/retrospective/instructions.md","59eedef42100c1a7b48ea4bd91a34a0b721b57e905d14a45a7fcce17b24bac6c"
"md","instructions","bmm","bmm/workflows/4-implementation/sprint-planning/instructions.md","b99d4a78efbbe0fccdff4e8e9562c64f4290f8b9e3fab682c44400c5e0b340d9"
"md","instructions","bmm","bmm/workflows/4-implementation/sprint-status/instructions.md","60ba3fa0e99440e4432bcef31f4ea5620686d536f47bb5249eb02c95ab828aa6"
"md","instructions","bmm","bmm/workflows/bmad-quick-flow/create-tech-spec/instructions.md","4fe696440982bdfb01d936a20c55aea658d934786ec9918b4080e36730c5ad4d"
"md","instructions","bmm","bmm/workflows/bmad-quick-flow/quick-dev/instructions.md","3b5f3f5040289389f1aadbf61c9ca6ed18ed743dc0d50ec946d441848deabdf4"
"md","instructions","bmm","bmm/workflows/document-project/instructions.md","6f2cd3417ea78fe5d64151ef85c1e49c5693cf3c2397b961124fd673beb72d65"
"md","instructions","bmm","bmm/workflows/excalidraw-diagrams/create-dataflow/instructions.md","e43d05aaf6a1e881ae42e73641826b70e27ea91390834901f18665b524bbff77"
"md","instructions","bmm","bmm/workflows/excalidraw-diagrams/create-diagram/instructions.md","5d41c1e5b28796f6844645f3c1e2e75bb80f2e1576eb2c1f3ba2894cbf4a65e8"
"md","instructions","bmm","bmm/workflows/excalidraw-diagrams/create-flowchart/instructions.md","9647360dc08e6e8dcbb634620e8a4247add5b22fad7a3bd13ef79683f31b9d77"
"md","instructions","bmm","bmm/workflows/excalidraw-diagrams/create-wireframe/instructions.md","d0ddbb8f4235b28af140cc7b5210c989b4b126f973eb539e216ab10d4bbc2410"
"md","instructions","bmm","bmm/workflows/testarch/atdd/instructions.md","f32013239f3d64fd799e30964cb94efe36064d795dad4a63343bedd6970355f3"
"md","instructions","bmm","bmm/workflows/testarch/automate/instructions.md","6611e6abc114f68c16f3121dc2c2a2dcfefc355f857099b814b715f6d646a81c"
"md","instructions","bmm","bmm/workflows/testarch/ci/instructions.md","bdbaa2afd7a07bc18929e22156e2ad826a5a2f9ee3217375cdb5f47b5ef27121"
"md","instructions","bmm","bmm/workflows/testarch/framework/instructions.md","902212128052de150753ce0cabb9be0423da782ba280c3b5c198bc16e8ae7eb3"
"md","instructions","bmm","bmm/workflows/testarch/nfr-assess/instructions.md","6a4ef0830a65e96f41e7f6f34ed5694383e0935a46440c77a4a29cbfbd5f75f9"
"md","instructions","bmm","bmm/workflows/testarch/test-design/instructions.md","5d4bdafa8f43f6186d8f0c72f2185d90fa0520aee9179ba66e27a38f8e69d924"
"md","instructions","bmm","bmm/workflows/testarch/test-review/instructions.md","f1dfb61f7a7d9e584d398987fdcb8ab27b4835d26b6a001ca4611b8a3da4c32d"
"md","instructions","bmm","bmm/workflows/testarch/trace/instructions.md","e9ea912e9beb6de9cc62a64312addd667aef6dc7d97f2c03a400d6b71f378e87"
"md","instructions","bmm","bmm/workflows/workflow-status/init/instructions.md","be8ca7dbebb9c00e49a8cc7afba11240265fb8eddc36c074af4579b1156c7a17"
"md","instructions","bmm","bmm/workflows/workflow-status/instructions.md","49aed5d3b8d6be9d46973a1627f3ba3c0dcce18770bf59587e18cf65a882feac"
"md","intercept-network-call","bmm","bmm/testarch/knowledge/intercept-network-call.md","fb551cb0cefe3c062c28ae255a121aaae098638ec35a16fcdba98f670887ab6a"
"md","log","bmm","bmm/testarch/knowledge/log.md","b6267716ccbe6f9e2cc1b2b184501faeb30277bc8546206a66f31500c52381d0"
"md","network-error-monitor","bmm","bmm/testarch/knowledge/network-error-monitor.md","0380eb6df15af0a136334ad00cf44c92c779f311b07231f5aa6230e198786799"
"md","network-first","bmm","bmm/testarch/knowledge/network-first.md","2920e58e145626f5505bcb75e263dbd0e6ac79a8c4c2ec138f5329e06a6ac014"
"md","network-recorder","bmm","bmm/testarch/knowledge/network-recorder.md","9f120515cc377c4c500ec0b5fff0968666a9a4edee03a328d92514147d50f073"
"md","nfr-criteria","bmm","bmm/testarch/knowledge/nfr-criteria.md","e63cee4a0193e4858c8f70ff33a497a1b97d13a69da66f60ed5c9a9853025aa1"
"md","nfr-report-template","bmm","bmm/workflows/testarch/nfr-assess/nfr-report-template.md","b1d8fcbdfc9715a285a58cb161242dea7d311171c09a2caab118ad8ace62b80c"
"md","overview","bmm","bmm/testarch/knowledge/overview.md","79a12311d706fe55c48f72ef51c662c6f61a54651b3b76a3c7ccc87de6ebbf03"
"md","party-mode","bmm","bmm/docs/party-mode.md","9f42ef2dbf155931891dd321eaa8786624cdc5253917bd83b7fa68a6e63daad5"
"md","playwright-config","bmm","bmm/testarch/knowledge/playwright-config.md","42516511104a7131775f4446196cf9e5dd3295ba3272d5a5030660b1dffaa69f"
"md","prd-template","bmm","bmm/workflows/2-plan-workflows/prd/prd-template.md","77e54c1f7e16986be40c8ff411e954894492ef678fd21f310dd77e62d87b5315"
"md","probability-impact","bmm","bmm/testarch/knowledge/probability-impact.md","446dba0caa1eb162734514f35366f8c38ed3666528b0b5e16c7f03fd3c537d0f"
"md","product-brief.template","bmm","bmm/workflows/1-analysis/create-product-brief/product-brief.template.md","0993d8a5b0bb42d1aebd092e726d0829bdcab6ccfa227dc3816626366e8ccf8c"
"md","project-context-template","bmm","bmm/data/project-context-template.md","34421aed3e0ad921dc0c0080297f3a2299735b00a25351de589ada99dae56559"
"md","project-context-template","bmm","bmm/workflows/generate-project-context/project-context-template.md","df2e7d5a78f80e96e90891219c6770849a6a4a61670cd80561d1c47a6302b974"
"md","project-overview-template","bmm","bmm/workflows/document-project/templates/project-overview-template.md","a7c7325b75a5a678dca391b9b69b1e3409cfbe6da95e70443ed3ace164e287b2"
"md","quick-flow-solo-dev","bmm","bmm/docs/quick-flow-solo-dev.md","3cbb54cbb090bf1cdad01f747289ebdf4bbdfdd3ffa5633d8d1c91393d124ba4"
"md","quick-spec-flow","bmm","bmm/docs/quick-spec-flow.md","1cd6cd397b16f77efd9f884e6e5015138a5c32c0c5b69e80becffd7ada319fb2"
"md","quick-start","bmm","bmm/docs/quick-start.md","ec6c094137c75c475652f1f1e5beae8b0df89f5842e02fe2da57df6d7b0e88da"
"md","readiness-report-template","bmm","bmm/workflows/3-solutioning/check-implementation-readiness/templates/readiness-report-template.md","0da97ab1e38818e642f36dc0ef24d2dae69fc6e0be59924dc2dbf44329738ff6"
"md","README","bmm","bmm/README.md","f15f4da673206ec5778a249ebe9889730e9fcc37d8bc1a17c23d5d32b26ab47f"
"md","README","bmm","bmm/data/README.md","352c44cff4dd0e5a90cdf6781168ceb57f5a78eaabddcd168433d8784854e4fb"
"md","README","bmm","bmm/docs/README.md","4d8d185f83ad686edaea93ac533542c01b23d73a49e56c147078eff33c643cb2"
"md","README","bmm","bmm/docs/images/README.md","53f8c4c5bc7c499332df10683dc7a2fdd9b086304f422def938fed70ffb2ef23"
"md","recurse","bmm","bmm/testarch/knowledge/recurse.md","19056fb5b7e5e626aad81277b3e5eec333f2aed36a17aea6c7d8714a5460c8b2"
"md","research.template","bmm","bmm/workflows/1-analysis/research/research.template.md","f556c1797899e279c453b654fad1830deb65da3726b6349b1ad8ddec0fa43543"
"md","risk-governance","bmm","bmm/testarch/knowledge/risk-governance.md","2fa2bc3979c4f6d4e1dec09facb2d446f2a4fbc80107b11fc41cbef2b8d65d68"
"md","scale-adaptive-system","bmm","bmm/docs/scale-adaptive-system.md","343e3772c2e24e9ddd6b9278f72e48dc7be961ee5ad23496003cc17cac57314c"
"md","selective-testing","bmm","bmm/testarch/knowledge/selective-testing.md","c14c8e1bcc309dbb86a60f65bc921abf5a855c18a753e0c0654a108eb3eb1f1c"
"md","selector-resilience","bmm","bmm/testarch/knowledge/selector-resilience.md","a55c25a340f1cd10811802665754a3f4eab0c82868fea61fea9cc61aa47ac179"
"md","source-tree-template","bmm","bmm/workflows/document-project/templates/source-tree-template.md","109bc335ebb22f932b37c24cdc777a351264191825444a4d147c9b82a1e2ad7a"
"md","step-01-discover","bmm","bmm/workflows/generate-project-context/steps/step-01-discover.md","5ad8164192b58f7b71a1485f25333798d37ab45aebfaa54bec850217e644b939"
"md","step-01-document-discovery","bmm","bmm/workflows/3-solutioning/check-implementation-readiness/steps/step-01-document-discovery.md","45d95ae9463ee662091f8848ece5aab928f14182a0fbf2d20feb556e4e147d16"
"md","step-01-init","bmm","bmm/workflows/1-analysis/create-product-brief/steps/step-01-init.md","ba52f8d4e89b177fd4c375afa3e3d38232cdecb6299269e4c05c78b0496a1415"
"md","step-01-init","bmm","bmm/workflows/1-analysis/research/domain-steps/step-01-init.md","c880668be8190af4db0df42cf1609097c747478b048b6ba2554fc7044444a3b3"
"md","step-01-init","bmm","bmm/workflows/1-analysis/research/market-steps/step-01-init.md","e47f961651ad449964cbbd16f39f0a34b2e7ffa0da7e9d06a8a361329e2d7ba1"
"md","step-01-init","bmm","bmm/workflows/1-analysis/research/technical-steps/step-01-init.md","4d6ed6afc591c556dda2284265960cf74ea7e8c4d65108edb3278043fc915ef1"
"md","step-01-init","bmm","bmm/workflows/2-plan-workflows/create-ux-design/steps/step-01-init.md","8c0811939c75acc2400c4670ac0a3721d8d8df1564119e625ea6a70bb56e5ace"
"md","step-01-init","bmm","bmm/workflows/2-plan-workflows/prd/steps/step-01-init.md","8dcbe07f80a7baa8b0c86bc7969c2805c7f2dbeed7949cf239d7f092d54fb316"
"md","step-01-init","bmm","bmm/workflows/3-solutioning/create-architecture/steps/step-01-init.md","eb886b0461e9841d5b89dcacd84d0f948d618b85fa4226cc943a21e769cd948b"
"md","step-01-validate-prerequisites","bmm","bmm/workflows/3-solutioning/create-epics-and-stories/steps/step-01-validate-prerequisites.md","c42290a716e364ff3a3467536797114fbf6f5e518159d67674124bc946532919"
"md","step-01b-continue","bmm","bmm/workflows/1-analysis/create-product-brief/steps/step-01b-continue.md","918227d95d5efbb36fe4a6886975437feaa6ce6777f8c4bc57c914822e631179"
"md","step-01b-continue","bmm","bmm/workflows/2-plan-workflows/create-ux-design/steps/step-01b-continue.md","e897baf661717873e781abfea7b0f30dc0fc5668e8dfb87511f8d848e4429e78"
"md","step-01b-continue","bmm","bmm/workflows/2-plan-workflows/prd/steps/step-01b-continue.md","bab319a701f91e148fc724403addf0fd32e8c0cce8821fca34e6fd01853fec98"
"md","step-01b-continue","bmm","bmm/workflows/3-solutioning/create-architecture/steps/step-01b-continue.md","4188f4abe9674b83108571317f8be8e35fc95d51d156397827dded6ef7429213"
"md","step-02-context","bmm","bmm/workflows/3-solutioning/create-architecture/steps/step-02-context.md","fdf8ab3ce11143276126df70f1e4367e456d77830d17ed1404c87f9e14693ece"
"md","step-02-customer-behavior","bmm","bmm/workflows/1-analysis/research/market-steps/step-02-customer-behavior.md","fb25681e5e731736df99f7a3cc3ecf3181d8faea0a872fb5b5d3bdc3d98c3266"
"md","step-02-customer-insights","bmm","bmm/workflows/1-analysis/research/market-steps/step-02-customer-insights.md","3c516f4958f55f9732838238a45948987a7a88cab14c9c469f5d03a1f5b4a375"
"md","step-02-design-epics","bmm","bmm/workflows/3-solutioning/create-epics-and-stories/steps/step-02-design-epics.md","7a921e58e0f24a3aba8565391308ce3c8b663eafb705de2ae39a2cda3dfdd113"
"md","step-02-discovery","bmm","bmm/workflows/2-plan-workflows/create-ux-design/steps/step-02-discovery.md","80f28befb180e71e79cb133714d1d982a31d6b72f2d7fb724dc38986deaa1426"
"md","step-02-discovery","bmm","bmm/workflows/2-plan-workflows/prd/steps/step-02-discovery.md","5c0ea0a94227fee583e822312e231c181744f50cf13276b38c31198401a6ad05"
"md","step-02-domain-analysis","bmm","bmm/workflows/1-analysis/research/domain-steps/step-02-domain-analysis.md","f0281c46b50151af72d28bf71fbf70e451b89b01dd1e0607d5c4c8d45a9fe9a3"
"md","step-02-generate","bmm","bmm/workflows/generate-project-context/steps/step-02-generate.md","77aec94dd9e2c66640a7eff109dd160fe457f1495d09492d56166482d73aa66a"
"md","step-02-prd-analysis","bmm","bmm/workflows/3-solutioning/check-implementation-readiness/steps/step-02-prd-analysis.md","3e32bf9ca8bea371984e4a81373eb9781686b3487971b98b241fe86e8bee1a20"
"md","step-02-technical-overview","bmm","bmm/workflows/1-analysis/research/technical-steps/step-02-technical-overview.md","dfef6c9c0054dbf4a9faf43a7f577a0296a69ab1a1e2fe9aa64affdad3dee84b"
"md","step-02-vision","bmm","bmm/workflows/1-analysis/create-product-brief/steps/step-02-vision.md","415a2f1801cca9912a7c8f36d872d597a8af1a366bfc7de239c9f77fc09e353b"
"md","step-03-competitive-landscape","bmm","bmm/workflows/1-analysis/research/domain-steps/step-03-competitive-landscape.md","bdb6b7ad4157c50fe5cb7b87aaa332a32f2581468afda783dec77efb1761805d"
"md","step-03-complete","bmm","bmm/workflows/generate-project-context/steps/step-03-complete.md","d64001850546d3776e6d2c6b652eed4060382eea6b57994fceaef791e3026d9e"
"md","step-03-core-experience","bmm","bmm/workflows/2-plan-workflows/create-ux-design/steps/step-03-core-experience.md","15fc66bfec6cf267cf9d8a5f4dba0eadc10dbf9b0c4aa2d4d2dc296ae6086e41"
"md","step-03-create-stories","bmm","bmm/workflows/3-solutioning/create-epics-and-stories/steps/step-03-create-stories.md","9036fe07e42b1de27e10983d075a49aa68693490325e222525dd89342930fded"
"md","step-03-customer-pain-points","bmm","bmm/workflows/1-analysis/research/market-steps/step-03-customer-pain-points.md","63f5e16bf31da6a377812744fcc03fc886e6e84f30685d383836c688466049ff"
"md","step-03-epic-coverage-validation","bmm","bmm/workflows/3-solutioning/check-implementation-readiness/steps/step-03-epic-coverage-validation.md","c3c976d3703d7344a5d1b75516f6f169f86813aa0c7492c4812492857026a4bc"
"md","step-03-integration-patterns","bmm","bmm/workflows/1-analysis/research/technical-steps/step-03-integration-patterns.md","516d5543ebe5f9004dc6ff7e09428704cbb85baf5aa33f2693d57515f43cc43e"
"md","step-03-starter","bmm","bmm/workflows/3-solutioning/create-architecture/steps/step-03-starter.md","956103c7dd3d2521eb3874ea7c4421d6c05c3dded98949d782ba34a26d95e952"
"md","step-03-success","bmm","bmm/workflows/2-plan-workflows/prd/steps/step-03-success.md","3d923ff1c6a9f5b49c05d35ed3ccdce86f6fb3aedb9f86649a02786a46228d94"
"md","step-03-users","bmm","bmm/workflows/1-analysis/create-product-brief/steps/step-03-users.md","c8061ef20be32961b8da79632d528af5d91c32550639f3f1191feff80d8baec8"
"md","step-04-architectural-patterns","bmm","bmm/workflows/1-analysis/research/technical-steps/step-04-architectural-patterns.md","9e7d6107622625fa95ad2de6cbfdeb6b52864e78a4dcf3707d1f6202c53c4851"
"md","step-04-customer-decisions","bmm","bmm/workflows/1-analysis/research/market-steps/step-04-customer-decisions.md","79b952a9d41819dfd448a058525450e7894a8d6bf15dbbbcfd60d6698c24db94"
"md","step-04-decisions","bmm","bmm/workflows/3-solutioning/create-architecture/steps/step-04-decisions.md","93ca462057338875f64ce439d912a635c8b03e7be36554fd8533285f2d2500d6"
"md","step-04-emotional-response","bmm","bmm/workflows/2-plan-workflows/create-ux-design/steps/step-04-emotional-response.md","220cebc13d513f76ade42232551c40afbc582a188e53305d757dd2657c86591f"
"md","step-04-final-validation","bmm","bmm/workflows/3-solutioning/create-epics-and-stories/steps/step-04-final-validation.md","d1489ee6cd704ed6eda80ae1fc2e8d8917fedd84857b85c95268dc7999b7b8eb"
"md","step-04-journeys","bmm","bmm/workflows/2-plan-workflows/prd/steps/step-04-journeys.md","661bd1628ca4ff3bf9380e1090869fbee538fd5b2bcdec941f974991eeea13e0"
"md","step-04-metrics","bmm","bmm/workflows/1-analysis/create-product-brief/steps/step-04-metrics.md","238d6a1ea17355fa99b0bf46112654935616e3b18d86c5dbe03c3da3eb7e7e82"
"md","step-04-regulatory-focus","bmm","bmm/workflows/1-analysis/research/domain-steps/step-04-regulatory-focus.md","6fd786eb13f598569dca4e1b75f9d21b9be97721219c89743c08d7f7779c9c26"
"md","step-04-ux-alignment","bmm","bmm/workflows/3-solutioning/check-implementation-readiness/steps/step-04-ux-alignment.md","a6448b131fdbea2d67e8fb94036458663196be09df61d97ae9f3034ff36ab9a2"
"md","step-05-competitive-analysis","bmm","bmm/workflows/1-analysis/research/market-steps/step-05-competitive-analysis.md","5e6053df3323fdb561871881989d33e696fd43270cfed98c0064e409031f42b4"
"md","step-05-domain","bmm","bmm/workflows/2-plan-workflows/prd/steps/step-05-domain.md","b4003057c887216c48cff93c9960c294c8817101a85500ef8fb393cad6cfdb20"
"md","step-05-epic-quality-review","bmm","bmm/workflows/3-solutioning/check-implementation-readiness/steps/step-05-epic-quality-review.md","c2612e9dba9bc15faa92ab6ced6c916840176cfd6f67aa0e460793c88b4028e5"
"md","step-05-implementation-research","bmm","bmm/workflows/1-analysis/research/technical-steps/step-05-implementation-research.md","f8067535a667f5e367e85844599ef92848872bdb57bff1dfcdad3aefb1c6512a"
"md","step-05-inspiration","bmm","bmm/workflows/2-plan-workflows/create-ux-design/steps/step-05-inspiration.md","f135a82e348a062c6d66eeb61b963470106001717fd524f9ca8f4bb9c29321ee"
"md","step-05-patterns","bmm","bmm/workflows/3-solutioning/create-architecture/steps/step-05-patterns.md","cbe82ad1012701140971497b11dedc0aca6d58baf553bec839325a14c6050528"
"md","step-05-scope","bmm","bmm/workflows/1-analysis/create-product-brief/steps/step-05-scope.md","298c7c96dd45ccca6eae46926a2d48309261038911a48a9acd8d8b70eba00f0e"
"md","step-05-technical-trends","bmm","bmm/workflows/1-analysis/research/domain-steps/step-05-technical-trends.md","4923fbc706e69ff2fdff372284e103ad1db5c9ed7486a77a00f9c494a90966a6"
"md","step-06-complete","bmm","bmm/workflows/1-analysis/create-product-brief/steps/step-06-complete.md","6a450072af25dd8cdb07d3bfa6481bc9076f4aa79d6dbd36173518f9b9d47f86"
"md","step-06-design-system","bmm","bmm/workflows/2-plan-workflows/create-ux-design/steps/step-06-design-system.md","e7a5cf1bcd37c6bfc1212333fcf8a13c53ed6fe545e85b4ff5720d9980f7d5b7"
"md","step-06-final-assessment","bmm","bmm/workflows/3-solutioning/check-implementation-readiness/steps/step-06-final-assessment.md","18517a50517caae7b8853ea6c0e4271cbd5775767aa3ae74efca3702bc48ba3e"
"md","step-06-innovation","bmm","bmm/workflows/2-plan-workflows/prd/steps/step-06-innovation.md","cd7ad69b11d6bb390513c6b81c46d4d051701e013fd8cb070cb0c439b036030c"
"md","step-06-research-completion","bmm","bmm/workflows/1-analysis/research/market-steps/step-06-research-completion.md","72d52d60cb2eb00402b96f64f3d44f252326f6b7c713dfe73c6a055325919f18"
"md","step-06-research-synthesis","bmm","bmm/workflows/1-analysis/research/domain-steps/step-06-research-synthesis.md","b8c29bb261f3cfe2ec06d69c4c2fbce4fb945f628168143d33667a5295648b49"
"md","step-06-research-synthesis","bmm","bmm/workflows/1-analysis/research/technical-steps/step-06-research-synthesis.md","78d3cdb130563cf819baf397bdc8dd27159264be74d86d3ec83795aa78bffde3"
"md","step-06-structure","bmm","bmm/workflows/3-solutioning/create-architecture/steps/step-06-structure.md","cceada4c13be1dad41a147e5ddd1b0a8868102ccf35af665911c346f9b8eace9"
"md","step-07-defining-experience","bmm","bmm/workflows/2-plan-workflows/create-ux-design/steps/step-07-defining-experience.md","588ccdac508d662b419e3af350233d9f2be80ce33812be32e20c5d38da78d202"
"md","step-07-project-type","bmm","bmm/workflows/2-plan-workflows/prd/steps/step-07-project-type.md","65ee56a5dbdf589aaa2184acb4bb4e6502f2a94dc0288c0eae3413fe89815813"
"md","step-07-validation","bmm","bmm/workflows/3-solutioning/create-architecture/steps/step-07-validation.md","fcc081b262f88f931f63d94a7030881741ef4535365027037f63a848083c142a"
"md","step-08-complete","bmm","bmm/workflows/3-solutioning/create-architecture/steps/step-08-complete.md","dc6ed222655460f804d7c529a8657e3ea297e36b70ca387f7c3cbd592e733790"
"md","step-08-scoping","bmm","bmm/workflows/2-plan-workflows/prd/steps/step-08-scoping.md","0fc9267838820ea138baf4687e18db651a5f69514d08b00bcca41eccf466b2d1"
"md","step-08-visual-foundation","bmm","bmm/workflows/2-plan-workflows/create-ux-design/steps/step-08-visual-foundation.md","2db362726d961f691cf8a52ad66223929e657ba03cc0f622a77ebbdd56f0ee4d"
"md","step-09-design-directions","bmm","bmm/workflows/2-plan-workflows/create-ux-design/steps/step-09-design-directions.md","3fd333a54cf896faeb28fc92311454a395ae65a7b4e83528afa9bc624c695660"
"md","step-09-functional","bmm","bmm/workflows/2-plan-workflows/prd/steps/step-09-functional.md","c508189c657675be869d4c4c2ef8e44acdba69a79427097de9c0e5b2112d4209"
"md","step-10-nonfunctional","bmm","bmm/workflows/2-plan-workflows/prd/steps/step-10-nonfunctional.md","52a6bf9a9a8e95b39de77d056b374eb3d9dc81464b6db40aecaec2fdea881ce5"
"md","step-10-user-journeys","bmm","bmm/workflows/2-plan-workflows/create-ux-design/steps/step-10-user-journeys.md","591edfb84e549e3d7ea17573381f27653aa6322bff450824e81f37200e47b9db"
"md","step-11-complete","bmm","bmm/workflows/2-plan-workflows/prd/steps/step-11-complete.md","924851a41ae629c5c8360054350a3e56fc79ce58e5878769583df458dcf7d2dc"
"md","step-11-component-strategy","bmm","bmm/workflows/2-plan-workflows/create-ux-design/steps/step-11-component-strategy.md","4f6e03df3b3f10f4e5a247d5cf92c26e1cf6a86545606eb2fc2e4d7544d83f45"
"md","step-12-ux-patterns","bmm","bmm/workflows/2-plan-workflows/create-ux-design/steps/step-12-ux-patterns.md","349ce6e54066b778ebd8a19bb1950587a4e1f5d3fbd072ac0dbaae422b4c8c79"
"md","step-13-responsive-accessibility","bmm","bmm/workflows/2-plan-workflows/create-ux-design/steps/step-13-responsive-accessibility.md","f964ad958441146e10f279a16e5c624eee539525b8ae0b02ea67da7462b91faa"
"md","step-14-complete","bmm","bmm/workflows/2-plan-workflows/create-ux-design/steps/step-14-complete.md","833ba63b697ba5f8e35a7d53784c2646ce4e1726ce2dfa53bf3a9fb6880ba532"
"md","template","bmm","bmm/workflows/4-implementation/create-story/template.md","29ba697368d77e88e88d0e7ac78caf7a78785a7dcfc291082aa96a62948afb67"
"md","test-architecture","bmm","bmm/docs/test-architecture.md","fee4926372c6e285c03dd951eeed501a533583055b13ce66e68bd8b5abeef8a0"
"md","test-design-template","bmm","bmm/workflows/testarch/test-design/test-design-template.md","c256c3db97f8fa0c956bbcfba462a215076e98b5d439446d62a180a3068cd4ed"
"md","test-healing-patterns","bmm","bmm/testarch/knowledge/test-healing-patterns.md","b44f7db1ebb1c20ca4ef02d12cae95f692876aee02689605d4b15fe728d28fdf"
"md","test-levels-framework","bmm","bmm/testarch/knowledge/test-levels-framework.md","80bbac7959a47a2e7e7de82613296f906954d571d2d64ece13381c1a0b480237"
"md","test-priorities-matrix","bmm","bmm/testarch/knowledge/test-priorities-matrix.md","321c3b708cc19892884be0166afa2a7197028e5474acaf7bc65c17ac861964a5"
"md","test-quality","bmm","bmm/testarch/knowledge/test-quality.md","97b6db474df0ec7a98a15fd2ae49671bb8e0ddf22963f3c4c47917bb75c05b90"
"md","test-review-template","bmm","bmm/workflows/testarch/test-review/test-review-template.md","3e68a73c48eebf2e0b5bb329a2af9e80554ef443f8cd16652e8343788f249072"
"md","timing-debugging","bmm","bmm/testarch/knowledge/timing-debugging.md","c4c87539bbd3fd961369bb1d7066135d18c6aad7ecd70256ab5ec3b26a8777d9"
"md","trace-template","bmm","bmm/workflows/testarch/trace/trace-template.md","5453a8e4f61b294a1fc0ba42aec83223ae1bcd5c33d7ae0de6de992e3ee42b43"
"md","troubleshooting","bmm","bmm/docs/troubleshooting.md","e301f7463cc34d95cf66aa8fcc356924a658ae7e9beb6f3366b8b7c35fbf7766"
"md","ux-design-template","bmm","bmm/workflows/2-plan-workflows/create-ux-design/ux-design-template.md","ffa4b89376cd9db6faab682710b7ce755990b1197a8b3e16b17748656d1fca6a"
"md","visual-debugging","bmm","bmm/testarch/knowledge/visual-debugging.md","072a3d30ba6d22d5e628fc26a08f6e03f8b696e49d5a4445f37749ce5cd4a8a9"
"md","workflow","bmm","bmm/workflows/1-analysis/create-product-brief/workflow.md","56609e6b92cbed519a808d0417f30d0d6037c6d57b183fb6e24bcd111623b14e"
"md","workflow","bmm","bmm/workflows/1-analysis/research/workflow.md","7b09631769a5136fda78779e7b8ba03d8b1c55a149fdc1abdb80a5a8db6e15ec"
"md","workflow","bmm","bmm/workflows/2-plan-workflows/create-ux-design/workflow.md","4d522f23f08e600c3450f8ac69bfec4a11e7a94ad7679cb219d32ec370d70fe6"
"md","workflow","bmm","bmm/workflows/2-plan-workflows/prd/workflow.md","61ee19516527d0a400ad958326bd77340b8e4d2efc45f3c118e588a1a53e91b8"
"md","workflow","bmm","bmm/workflows/3-solutioning/check-implementation-readiness/workflow.md","c031c325ec1d231a0bcfcac22ef1fe7e4188964d06cac92f53f4189b40efac0e"
"md","workflow","bmm","bmm/workflows/3-solutioning/create-architecture/workflow.md","b8d87c1745d0ad57c877d8476dfa01731b61b866d2b02b19c31b33978750b540"
"md","workflow","bmm","bmm/workflows/3-solutioning/create-epics-and-stories/workflow.md","45d4e2adc1b36356d5559e194254f6a411e60e9ece386643e07f42487efa9e30"
"md","workflow","bmm","bmm/workflows/generate-project-context/workflow.md","8ad4ad82e6d5b283fc3a5ccc0040528fc2acfd1bcc723111d44c6bee2b5a0a64"
"md","workflow-architecture-reference","bmm","bmm/docs/workflow-architecture-reference.md","36efd4e3d74d1739455e896e62b7711bf4179c572f1eef7a7fae7f2385adcc6d"
"md","workflow-document-project-reference","bmm","bmm/docs/workflow-document-project-reference.md","41494bc70df72c8a87c291a2683288a781f810e73d2489fd0cad6a8121a9d36c"
"md","workflows-analysis","bmm","bmm/docs/workflows-analysis.md","351e7375bd1ac13ae6a4125091f13b3c10dfdada984252fc773f4128f2db110d"
"md","workflows-implementation","bmm","bmm/docs/workflows-implementation.md","b2fd9cb2fd44d38718832b1349c3b116d590fc5fe6294bdb2c1987362c474139"
"md","workflows-planning","bmm","bmm/docs/workflows-planning.md","be3e0347cb26380b4f978c7311efc033b01bd416c8cfbac4e3dec940ca99b2b4"
"md","workflows-solutioning","bmm","bmm/docs/workflows-solutioning.md","fbaca970023e55b4635fb06448fbc0279b36bcc54b626025bc11fdbdedfe3ff8"
"svg","workflow-method-greenfield","bmm","bmm/docs/images/workflow-method-greenfield.svg","f0ce562d058e6edb114a8ae8bc51fa6a71394c08c0ac16aae07d959c88c6dcca"
"xml","instructions","bmm","bmm/workflows/4-implementation/code-review/instructions.xml","80d43803dced84f1e754d8690fb6da79e5b21a68ca8735b9c0ff709c49ac31ff"
"xml","instructions","bmm","bmm/workflows/4-implementation/create-story/instructions.xml","fd24081a06adea1ec0d8441ae855cd5e501ec5bebac7ecc06364a91d4ead4a08"
"xml","instructions","bmm","bmm/workflows/4-implementation/dev-story/instructions.xml","a2e824fbbf54ace573c22717c73639ab7ce74914cb7e5aecca954d2801187725"
"yaml","config","bmm","bmm/config.yaml","555de494ddd447d0f46a1bf6467607359be7a111af5fb592491c1353f67bbb04"
"yaml","deep-dive","bmm","bmm/workflows/document-project/workflows/deep-dive.yaml","a16b5d121604ca00fffdcb04416daf518ec2671a3251b7876c4b590d25d96945"
"yaml","enterprise-brownfield","bmm","bmm/workflows/workflow-status/paths/enterprise-brownfield.yaml","04a43e86f644949302cd5d4d801fb2ccdbb0f66b75609bc1fa712fd5c3bce675"
"yaml","enterprise-greenfield","bmm","bmm/workflows/workflow-status/paths/enterprise-greenfield.yaml","20bda9331b02335c24f1686aab29183801d5de6cd40cadb4fd7472ee643cc8ab"
"yaml","excalidraw-templates","bmm","bmm/workflows/excalidraw-diagrams/_shared/excalidraw-templates.yaml","ca6e4ae85b5ab16df184ce1ddfdf83b20f9540db112ebf195cb793017f014a70"
"yaml","full-scan","bmm","bmm/workflows/document-project/workflows/full-scan.yaml","8ba79b190733006499515d9d805f4eacd90a420ffc454e04976948c114806c25"
"yaml","github-actions-template","bmm","bmm/workflows/testarch/ci/github-actions-template.yaml","cf7d1f0a1f2853b07df1b82b00ebe79f800f8f16817500747b7c4c9c7143aba7"
"yaml","gitlab-ci-template","bmm","bmm/workflows/testarch/ci/gitlab-ci-template.yaml","986f29817e04996ab9f80bf2de0d25d8ed2365d955cc36d5801afaa93e99e80b"
"yaml","method-brownfield","bmm","bmm/workflows/workflow-status/paths/method-brownfield.yaml","35365c7af516ba2205d16e19a656695890e53678613bf835d490c338b7467b59"
"yaml","method-greenfield","bmm","bmm/workflows/workflow-status/paths/method-greenfield.yaml","9f84ab40aa4c7984fd4e948f3f55823066e94fcbf1d16d207aee2a731e5c38ba"
"yaml","project-levels","bmm","bmm/workflows/workflow-status/project-levels.yaml","ffa9fb3b32d81617bb8718689a5ff5774d2dff6c669373d979cc38b1dc306966"
"yaml","sprint-status-template","bmm","bmm/workflows/4-implementation/sprint-planning/sprint-status-template.yaml","de75fe50bd5e3f4410ccc99fcd3f5dc958733b3829af1b13b4d7b0559bbca22b"
"yaml","team-fullstack","bmm","bmm/teams/team-fullstack.yaml","da8346b10dfad8e1164a11abeb3b0a84a1d8b5f04e01e8490a44ffca477a1b96"
"yaml","workflow","bmm","bmm/workflows/4-implementation/code-review/workflow.yaml","7ce05544929656221f0ec7ec1494d62d3cad5602f5fa5e0253987963aa682d51"
"yaml","workflow","bmm","bmm/workflows/4-implementation/correct-course/workflow.yaml","e8a322ff0a8508b2383cc3e06c370189980e34ea96dbb640f6187daf39cec834"
"yaml","workflow","bmm","bmm/workflows/4-implementation/create-story/workflow.yaml","6ae9a8a409a092cfbe704041a2dc84430cdb0c60fd2fc0b83f417ba33e0b86c1"
"yaml","workflow","bmm","bmm/workflows/4-implementation/dev-story/workflow.yaml","45ab13b24a483d5958ce05b13cc8f4feee67bbcb952ebda2bbf62a6b2ee30bcf"
"yaml","workflow","bmm","bmm/workflows/4-implementation/retrospective/workflow.yaml","d2edae0c672dab2a3eba1818127c87d12204cc9a5a46c754a60fdacbd8a4da2f"
"yaml","workflow","bmm","bmm/workflows/4-implementation/sprint-planning/workflow.yaml","1517cc5182f5566098114394b8a22d5bbaa8f541e8855c9be44a7eb9e75cfa3c"
"yaml","workflow","bmm","bmm/workflows/4-implementation/sprint-status/workflow.yaml","f302f474ffb061a3f248093b44117bfdc169f7638710e913ee7d4d2df5e0d012"
"yaml","workflow","bmm","bmm/workflows/bmad-quick-flow/create-tech-spec/workflow.yaml","355657f71045747c6e678c430a2ed07d0cd5ee1bbeb7fb99f654330ef584a463"
"yaml","workflow","bmm","bmm/workflows/bmad-quick-flow/quick-dev/workflow.yaml","bbac87b667c6a6a2f2682b8c9e350d6c7b428cf8f7f8ece003c97b6856d9ee5d"
"yaml","workflow","bmm","bmm/workflows/document-project/workflow.yaml","b7b4e089211062a572a0c711d22ffb0e3b8c4495d5730a94530d6e4f69dd9aaf"
"yaml","workflow","bmm","bmm/workflows/excalidraw-diagrams/create-dataflow/workflow.yaml","a845be912077a9c80fb3f3e2950c33b99139a2ae22db9c006499008ec2fa3851"
"yaml","workflow","bmm","bmm/workflows/excalidraw-diagrams/create-diagram/workflow.yaml","bac0e13f796b4a4bb2a3909ddef230f0cd1712a0163b6fe72a2966eed8fc87a9"
"yaml","workflow","bmm","bmm/workflows/excalidraw-diagrams/create-flowchart/workflow.yaml","a8f6e3680d2ec51c131e5cd57c9705e5572fe3e08c536174da7175e07cce0c5d"
"yaml","workflow","bmm","bmm/workflows/excalidraw-diagrams/create-wireframe/workflow.yaml","88ce19aff63a411583756cd0254af2000b6aac13071204dc9aef61aa137a51ef"
"yaml","workflow","bmm","bmm/workflows/testarch/atdd/workflow.yaml","671d3319e80fffb3dedf50ccda0f3aea87ed4de58e6af679678995ca9f5262b0"
"yaml","workflow","bmm","bmm/workflows/testarch/automate/workflow.yaml","3d49eaca0024652b49f00f26f1f1402c73874eb250431cb5c1ce1d2eddc6520b"
"yaml","workflow","bmm","bmm/workflows/testarch/ci/workflow.yaml","e42067278023d4489a159fdbf7a863c69345e3d3d91bf9af8dcff49fd14f0e6d"
"yaml","workflow","bmm","bmm/workflows/testarch/framework/workflow.yaml","857b92ccfa185c373ebecd76f3f57ca84a4d94c8c2290679d33010f58e1ed9e1"
"yaml","workflow","bmm","bmm/workflows/testarch/nfr-assess/workflow.yaml","24a0e0e6124c3206775e43bd7ed4e1bfba752e7d7a0590bbdd73c2e9ce5a06ec"
"yaml","workflow","bmm","bmm/workflows/testarch/test-design/workflow.yaml","30a9371f2ea930e7e68b987570be524b2e9d104c40c28e818a89e12985ba767a"
"yaml","workflow","bmm","bmm/workflows/testarch/test-review/workflow.yaml","d64517e211eceb8e5523da19473387e642c5178d5850f92b1aa5dc3fea6a6685"
"yaml","workflow","bmm","bmm/workflows/testarch/trace/workflow.yaml","0ba5d014b6209cc949391de9f495465b7d64d3496e1972be48b2961c8490e6f5"
"yaml","workflow","bmm","bmm/workflows/workflow-status/init/workflow.yaml","f01dc0f5128fe70669557360a9cfcd29d1d83bf378119ecef10f2947d5399dac"
"yaml","workflow","bmm","bmm/workflows/workflow-status/workflow.yaml","c108ff00df895126513a243c498a18ee01d686cb03e094f4f8747ca2eaf87c96"
"yaml","workflow-status-template","bmm","bmm/workflows/workflow-status/workflow-status-template.yaml","0ec9c95f1690b7b7786ffb4ab10663c93b775647ad58e283805092e1e830a0d9"
"csv","advanced-elicitation-methods","core","core/tasks/advanced-elicitation-methods.csv","e08b2e22fec700274982e37be608d6c3d1d4d0c04fa0bae05aa9dba2454e6141"
"csv","brain-methods","core","core/workflows/brainstorming/brain-methods.csv","0ab5878b1dbc9e3fa98cb72abfc3920a586b9e2b42609211bb0516eefd542039"
"md","excalidraw-helpers","core","core/resources/excalidraw/excalidraw-helpers.md","37f18fa0bd15f85a33e7526a2cbfe1d5a9404f8bcb8febc79b782361ef790de4"
"md","library-loader","core","core/resources/excalidraw/library-loader.md","7837112bd0acb5906870dff423a21564879d49c5322b004465666a42c52477ab"
"md","README","core","core/resources/excalidraw/README.md","72de8325d7289128f1c8afb3b0eea867ba90f4c029ca42e66a133cd9f92c285d"
"md","step-01-agent-loading","core","core/workflows/party-mode/steps/step-01-agent-loading.md","ebdeac5e67a5c9bde93cd1750963c0f0b0f354c19ccf922f9d681e6ae425d729"
"md","step-01-session-setup","core","core/workflows/brainstorming/steps/step-01-session-setup.md","943118388f1cb81eda922240a944cff84517388298ead6b9e02f917432d8bf31"
"md","step-01b-continue","core","core/workflows/brainstorming/steps/step-01b-continue.md","9d531b012f85a2a7c3ddd94a2adeb8189eab24c370d099dbabb1bd6e33b3a9cb"
"md","step-02-discussion-orchestration","core","core/workflows/party-mode/steps/step-02-discussion-orchestration.md","1f0a6ca96139f522cc26ce6fdf78b4f94297201a53f06c30fb30e65717957cfb"
"md","step-02a-user-selected","core","core/workflows/brainstorming/steps/step-02a-user-selected.md","24158414bfe6daa46c94e6e43a9ec3a8d9a6dfe1b2a5bd8b719d06c775dcc73d"
"md","step-02b-ai-recommended","core","core/workflows/brainstorming/steps/step-02b-ai-recommended.md","68774e344cdcffbbd8fd9c5bec5bbe4cfd5297eb9734fc542606831becc38441"
"md","step-02c-random-selection","core","core/workflows/brainstorming/steps/step-02c-random-selection.md","24b54de6ed3a3b0b87a23a28a69a5fa73e8bf9fb80353fb12db8258c1e29ac95"
"md","step-02d-progressive-flow","core","core/workflows/brainstorming/steps/step-02d-progressive-flow.md","34b53545f18cd26db8bff81072e1c6b38efe031969e72d79c7efa2814f3b9073"
"md","step-03-graceful-exit","core","core/workflows/party-mode/steps/step-03-graceful-exit.md","c07d1b5c3b4d48e8903872f24654e96f8cadd1d08202be3f5c2e381aa664e9bb"
"md","step-03-technique-execution","core","core/workflows/brainstorming/steps/step-03-technique-execution.md","a0f7ef0d58ccf21c1e10b9ab221f8dbcc8ddc0c09b322da3863996e8731b6409"
"md","step-04-idea-organization","core","core/workflows/brainstorming/steps/step-04-idea-organization.md","2a7f516d0e598ec3462795b1e5fe2bf2f3745276ca6ae609eed5562bacf46b0d"
"md","template","core","core/workflows/brainstorming/template.md","5c99d76963eb5fc21db96c5a68f39711dca7c6ed30e4f7d22aedee9e8bb964f9"
"md","validate-json-instructions","core","core/resources/excalidraw/validate-json-instructions.md","0970bac93d52b4ee591a11998a02d5682e914649a40725d623489c77f7a1e449"
"md","workflow","core","core/workflows/brainstorming/workflow.md","81f29e8e5d2dc6cd0ad2d9821b1908ad026cfb389246fb3621234eed369dc4fa"
"md","workflow","core","core/workflows/party-mode/workflow.md","5f0f9cd9533115cde2c645e2b46c150080b8262fce9b91078af3f424bbf26bf3"
"xml","advanced-elicitation","core","core/tasks/advanced-elicitation.xml","c6dbc901671bcdf0c1d28e5cd388c958577bf255c7a3922302602fd3b981b2ee"
"xml","index-docs","core","core/tasks/index-docs.xml","13ffd40ccaed0f05b35e4f22255f023e77a6926e8a2f01d071b0b91a4c942812"
"xml","shard-doc","core","core/tools/shard-doc.xml","f71987855cabb46bd58a63a4fd356efb0739a272ab040dd3c8156d7f538d7caf"
"xml","validate-workflow","core","core/tasks/validate-workflow.xml","539e6f1255efbb62538598493e4083496dc0081d3c8989c89b47d06427d98f28"
"xml","workflow","core","core/tasks/workflow.xml","38a94a0926acfdcd0fe80694d8ca551a2ce3237b203bffd562064f1b8d89a68b"
"yaml","config","core","core/config.yaml","03768ac4e320ccd87c6bf2ffb21af69756fa77cc448d94987336608c2b1412ca"
